metric,Stage1_test,Stage3_test,Delta_Stage3_minus_Stage1
fitness,0.6453560629956901,0.6420221463442797,-0.0033339166514104734
metrics/mAP50(B),0.917138024161992,0.912384146789416,-0.004753877372575932
metrics/mAP50-95(B),0.6151580673105455,0.6119819240725978,-0.0031761432379476817
metrics/precision(B),0.9119528218095363,0.9106597488363563,-0.0012930729731800428
metrics/recall(B),0.8663935509448923,0.8580679265230606,-0.008325624421831712
